{
    "793011788": {
        "user_name": "r_kamalovich",
        "user_first_name": "Равшан",
        "user_last_name": "Ибатулин",
        "mode": "Стандартный",
        "ptm": 3.3571628819736477,
        "t_critic_C": 473.5100311510852,
        "a_convection": 29,
        "s_0": 0.85,
        "s_1": 0.625,
        "T_0": 293,
        "xmax": 90,
        "density_steel": 7800,
        "heat_capacity": 310,
        "heat_capacity_change": 0.469,
        "time_fsr": 6.8684637003024305
    },
    "6576326588": {
        "user_name": "None",
        "user_first_name": "Равшан",
        "user_last_name": "None",
        "mode": "Стандартный",
        "ptm": 3.44233206590621,
        "t_critic_C": 588.0739364597129,
        "a_convection": 29,
        "s_0": 0.85,
        "s_1": 0.625,
        "T_0": 293,
        "xmax": 90,
        "density_steel": 7800,
        "heat_capacity": 310,
        "heat_capacity_change": 0.469,
        "time_fsr": 9.657780117716246
    }
}